Player,Span,Mat,Inns,NO,Runs,HS,Ave,BF,SR,100,50,0
SR Tendulkar (IND),1989-2012,463,452,41,18426,200*,44.83,21368,86.23,49,96,20
KC Sangakkara (Asia/ICC/SL),2000-2015,404,380,41,14234,169,41.98,18048,78.86,25,93,15
V Kohli (IND),2008-2025,302,290,45,14181,183,57.88,15192,93.34,51,74,16
RT Ponting (AUS/ICC),1995-2012,375,365,39,13704,164,42.03,17046,80.39,30,82,20
ST Jayasuriya (Asia/SL),1989-2011,445,433,18,13430,189,32.36,14725,91.20,28,68,34
DPMD Jayawardene (Asia/SL),1998-2015,448,418,39,12650,144,33.37,16020,78.96,19,77,28
Inzamam-ul-Haq (Asia/PAK),1991-2007,378,350,53,11739,137*,39.52,15812,74.24,10,83,20
JH Kallis (Afr/ICC/SA),1996-2014,328,314,53,11579,139,44.36,15885,72.89,17,86,17
SC Ganguly (Asia/IND),1992-2007,311,300,23,11363,183,41.02,15416,73.70,22,72,16
RG Sharma (IND),2007-2025,273,265,36,11168,264,48.76,12034,92.80,32,58,16
R Dravid (Asia/ICC/IND),1996-2011,344,318,40,10889,153,39.16,15285,71.23,12,83,13
MS Dhoni (Asia/IND),2004-2019,350,297,84,10773,183*,50.57,12303,87.56,10,73,10
CH Gayle (ICC/WI),1999-2019,301,294,17,10480,215,37.83,12019,87.19,25,54,25
BC Lara (ICC/WI),1990-2007,299,289,32,10405,169,40.48,13086,79.51,19,63,16
TM Dilshan (SL),1999-2016,330,303,41,10290,161*,39.27,11933,86.23,22,47,11
Mohammad Yousuf (Asia/PAK),1998-2010,288,273,40,9720,141*,41.71,12942,75.10,15,64,15
AC Gilchrist (AUS/ICC),1996-2008,287,279,11,9619,172,35.89,9922,96.94,16,55,19
AB de Villiers (Afr/SA),2005-2018,228,218,39,9577,176,53.50,9473,101.09,25,53,7
M Azharuddin (IND),1985-2000,334,308,54,9378,153*,36.92,12669,74.02,7,58,9
PA de Silva (SL),1984-2003,308,296,30,9284,145,34.90,11443,81.13,11,64,17
Saeed Anwar (PAK),1989-2003,247,244,19,8824,194,39.21,10938,80.67,20,43,15
S Chanderpaul (WI),1994-2011,268,251,40,8778,150,41.60,12408,70.74,11,59,6
Yuvraj Singh (Asia/IND),2000-2017,304,278,40,8701,150,36.55,9924,87.67,14,52,18
DL Haynes (WI),1978-1994,238,237,28,8648,152*,41.37,13707,63.09,17,57,13
LRPL Taylor (NZ),2006-2022,236,220,39,8607,181*,47.55,10330,83.32,21,51,9
MS Atapattu (SL),1990-2007,268,259,32,8529,132*,37.57,12594,67.72,11,59,13
ME Waugh (AUS),1988-2002,244,236,20,8500,173,39.35,11053,76.90,18,50,16
Tamim Iqbal (BAN),2007-2023,243,240,12,8357,158,36.65,10642,78.52,14,56,19
V Sehwag (Asia/ICC/IND),1999-2013,251,245,9,8273,219,35.05,7929,104.33,15,38,14
HM Amla (SA),2008-2019,181,178,14,8113,159,49.46,9178,88.39,27,39,4
HH Gibbs (SA),1996-2010,248,240,16,8094,175,36.13,9721,83.26,21,37,22
Shahid Afridi (Asia/ICC/PAK),1996-2015,398,369,27,8064,124,23.57,6892,117.00,6,39,30
SP Fleming (ICC/NZ),1994-2007,280,269,21,8037,134*,32.40,11242,71.49,8,49,17
MJ Clarke (AUS),2003-2015,245,223,44,7981,130,44.58,10104,78.98,8,58,10
Mushfiqur Rahim (BAN),2006-2025,274,256,42,7795,144,36.42,9780,79.70,9,49,12
EJG Morgan (ENG/IRE),2006-2022,248,230,34,7701,148,39.29,8447,91.16,14,47,18
Shakib Al Hasan (BAN),2006-2023,247,234,31,7570,134*,37.29,9138,82.84,9,56,12
SR Waugh (AUS),1986-2002,325,288,58,7569,120*,32.90,9971,75.91,3,45,15
Shoaib Malik (PAK),1999-2019,287,258,40,7534,143,34.55,9199,81.90,9,44,15
A Ranatunga (SL),1982-1999,269,255,47,7456,131*,35.84,9571,77.90,4,49,18
Javed Miandad (PAK),1975-1996,233,218,41,7381,119*,41.70,11014,67.01,8,50,8
MJ Guptill (NZ),2009-2022,198,195,19,7346,237*,41.73,8415,87.29,18,39,16
Younis Khan (PAK),2000-2015,265,255,23,7249,144,31.24,9628,75.29,7,48,22
KS Williamson (NZ),2010-2025,173,165,18,7235,148,49.21,8853,81.72,15,47,5
Saleem Malik (PAK),1982-1999,283,256,38,7170,102,32.88,9383,76.41,5,47,19
JE Root (ENG),2013-2025,180,169,24,7126,166*,49.14,8134,87.60,18,42,9
NJ Astle (NZ),1995-2007,223,217,14,7090,145*,34.92,9760,72.64,16,41,19
GC Smith (Afr/SA),2002-2013,197,194,10,6989,141,37.98,8648,80.81,10,47,8
WU Tharanga (Asia/SL),2005-2019,235,223,17,6951,174*,33.74,9155,75.92,15,37,17
DA Warner (AUS),2009-2023,161,159,6,6932,179,45.30,7127,97.26,22,33,4
MG Bevan (AUS),1994-2004,232,196,67,6912,108*,53.58,9320,74.16,6,46,5
G Kirsten (SA),1993-2003,185,185,19,6798,188*,40.95,9436,72.04,13,45,11
S Dhawan (IND),2010-2022,167,164,10,6793,143,44.11,7436,91.35,17,39,5
A Flower (ZIM),1992-2003,213,208,16,6786,145,35.34,9097,74.59,4,55,13
Q de Kock (SA),2013-2023,155,155,7,6770,178,45.74,7005,96.64,21,30,4
IVA Richards (WI),1975-1991,187,167,24,6721,189*,47.00,7451,90.20,11,45,7
BRM Taylor (ZIM),2004-2021,205,203,15,6684,145*,35.55,8721,76.64,11,39,15
Mohammad Hafeez (PAK),2003-2019,218,216,15,6614,140*,32.90,8633,76.61,11,38,19
GW Flower (ZIM),1992-2010,221,214,18,6571,142*,33.52,9723,67.58,6,40,18
Ijaz Ahmed (PAK),1986-2000,250,232,29,6564,139*,32.33,8174,80.30,10,37,14
AR Border (AUS),1979-1994,273,252,39,6524,127*,30.62,9134,71.42,3,39,11
Babar Azam (PAK),2015-2025,134,131,15,6291,158,54.23,7179,87.63,19,37,5
RB Richardson (WI),1983-1996,224,217,30,6248,122,33.41,9801,63.74,5,44,8
ML Hayden (AUS/ICC),1993-2008,161,155,15,6133,181*,43.80,7767,78.96,10,36,9
BB McCullum (NZ),2002-2016,260,228,28,6083,166,30.41,6312,96.37,5,32,20
DM Jones (AUS),1984-1994,164,161,25,6068,145,44.61,8362,72.56,7,46,6
PR Stirling (IRE),2008-2025,170,162,3,6005,177,37.76,6864,87.48,14,32,13
DC Boon (AUS),1984-1995,181,177,16,5964,122,37.04,9157,65.13,5,37,6
JN Rhodes (SA),1992-2003,245,220,51,5935,121,35.11,7336,80.90,2,33,12
AD Mathews (SL),2008-2023,226,195,48,5916,139*,40.24,7136,82.90,3,40,17
SD Hope (WI),2016-2025,142,137,20,5879,170,50.24,7412,79.31,18,29,6
Ramiz Raja (PAK),1985-1997,198,197,15,5841,119*,32.09,9226,63.31,9,31,15
RR Sarwan (WI),2000-2013,181,169,33,5804,120*,42.67,7663,75.74,5,38,8
SPD Smith (AUS),2010-2025,170,154,20,5800,164,43.28,6669,86.96,12,35,8
CL Hooper (WI),1987-2003,227,206,43,5761,113*,35.34,7517,76.63,7,29,7
SR Watson (AUS),2002-2015,190,169,27,5757,185*,40.54,6365,90.44,9,33,12
Mahmudullah (BAN),2007-2025,239,209,53,5689,128*,36.46,7327,77.64,4,32,10
H Masakadza (ZIM),2001-2019,209,208,4,5658,178*,27.73,7728,73.21,5,34,15
SK Raina (IND),2005-2018,226,194,35,5615,116*,35.31,6005,93.50,5,36,14
MN Samuels (WI),2000-2018,207,196,26,5606,133*,32.97,7463,75.11,10,30,11
WJ Cronje (SA),1992-2000,188,175,31,5565,112,38.64,7277,76.47,2,39,8
F du Plessis (SA),2011-2019,143,136,20,5507,185,47.47,6215,88.60,12,35,3
MEK Hussey (AUS),2004-2012,185,157,44,5442,109*,48.15,6243,87.16,3,39,3
IR Bell (ENG),2004-2015,161,157,14,5416,141,37.87,7019,77.16,4,35,6
AJ Finch (AUS),2013-2022,146,142,3,5406,153*,38.89,6162,87.73,17,30,16
A Jadeja (IND),1992-2000,196,179,36,5359,119,37.47,7678,69.79,6,30,10
DR Martyn (AUS),1992-2006,208,182,51,5346,144*,40.80,6877,77.73,5,37,10
JC Buttler (ENG),2012-2025,190,163,28,5274,162*,39.06,4565,115.53,11,27,15
G Gambhir (IND),2003-2013,147,143,11,5238,150*,39.68,6144,85.25,11,34,11
ADR Campbell (ZIM),1992-2003,188,184,14,5185,131*,30.50,7834,66.18,7,30,11
RS Mahanama (SL),1986-1999,213,198,23,5162,119*,29.49,8521,60.57,4,35,15
SC Williams (ZIM),2005-2024,162,157,20,5140,174,37.51,5918,86.85,8,36,9
CG Greenidge (WI),1975-1991,128,127,13,5134,133*,45.03,7908,64.92,11,31,3
Misbah-ul-Haq (PAK),2002-2015,162,149,31,5122,96*,43.40,6945,73.75,0,42,6
JP Duminy (SA),2004-2019,199,179,40,5117,150*,36.81,6052,84.55,4,27,7
PD Collingwood (ENG),2001-2011,197,181,37,5092,120*,35.36,6614,76.98,5,26,7
A Symonds (AUS),1998-2009,198,161,33,5088,156,39.75,5504,92.44,6,30,15
Abdul Razzaq (Asia/PAK),1996-2011,265,228,57,5080,112,29.70,6252,81.25,3,23,14
CL Cairns (ICC/NZ),1991-2006,215,193,25,4950,115,29.46,5874,84.26,4,26,9
Aamer Sohail (PAK),1990-2000,156,155,5,4780,134,31.86,7297,65.50,5,31,10
CD McMillan (NZ),1997-2007,197,183,16,4707,117,28.18,6198,75.94,3,28,9
MD Crowe (NZ),1982-1995,143,140,18,4704,107*,38.55,6476,72.63,4,34,3
MV Boucher (Afr/SA),1998-2011,295,221,57,4686,147*,28.57,5528,84.76,1,26,16
AJ Stewart (ENG),1989-2003,170,162,14,4677,116,31.60,6841,68.36,4,28,13
BKG Mendis (SL),2016-2025,146,143,12,4654,143,35.52,5264,88.41,6,34,14
DA Miller (SA),2010-2025,178,154,45,4611,139,42.30,4447,103.68,7,24,9
SB Styris (NZ),1999-2011,188,161,23,4483,141,32.48,5645,79.41,4,28,9
KP Pietersen (ENG/ICC),2004-2013,136,125,16,4440,130,40.73,5128,86.58,9,25,7
NS Sidhu (IND),1987-1998,136,127,8,4413,134*,37.08,6329,69.72,6,33,7
CZ Harris (NZ),1990-2004,250,213,62,4379,130,29.00,6583,66.51,1,16,12
TWM Latham (NZ),2012-2025,157,144,18,4361,145*,34.61,5090,85.67,8,26,14
GR Marsh (AUS),1986-1992,117,115,6,4357,126*,39.97,7790,55.93,9,22,4
WTS Porterfield (IRE),2006-2022,148,145,3,4343,139,30.58,6298,68.95,11,20,12
E Chigumbura (Afr/ZIM),2004-2018,213,198,26,4340,117,25.23,5423,80.02,2,19,17
ME Trescothick (ENG),2000-2006,123,122,6,4335,137,37.37,5087,85.21,12,21,13
Sikandar Raza (ZIM),2013-2025,151,142,22,4325,141,36.04,5044,85.74,7,22,3
GA Gooch (ENG),1976-1995,125,122,6,4290,142,36.98,6932,61.88,8,23,4
JJ Roy (ENG),2015-2023,116,110,3,4271,180,39.91,4047,105.53,12,21,11
AJ Strauss (ENG),2003-2011,127,126,8,4205,158,35.63,5195,80.94,6,27,9
K Srikkanth (IND),1981-1992,146,145,4,4091,123,29.01,5702,71.74,4,27,11
AJ Lamb (ENG),1982-1992,122,118,16,4010,118,39.31,5308,75.54,4,26,8
GJ Maxwell (AUS),2012-2025,149,136,18,3990,201*,33.81,3149,126.70,4,23,12
Rahmat Shah (AFG),2013-2025,123,118,5,3975,114,35.17,5579,71.24,5,31,5
RP Arnold (SL),1997-2007,180,155,43,3950,103,35.26,5443,72.57,1,28,7
AP Gurusinha (SL),1985-1996,147,143,5,3902,117*,28.27,6409,60.88,2,22,12
JG Wright (NZ),1978-1992,149,148,1,3891,101,26.46,6804,57.18,1,24,9
JM Bairstow (ENG),2011-2023,107,98,8,3868,141*,42.97,3758,102.92,11,17,9
DJ Cullinan (SA),1993-2000,138,133,16,3860,124,32.99,5492,70.28,3,23,10
LD Chandimal (SL),2010-2022,157,142,21,3854,111,31.85,5191,74.24,4,24,11
GA Hick (ENG),1991-2001,120,118,15,3846,126*,37.33,5191,74.08,5,27,10
HP Tillakaratne (SL),1986-2003,200,168,40,3789,104,29.60,6588,57.51,2,13,10
N Kapil Dev (IND),1978-1994,225,198,39,3783,175*,23.79,3979,95.07,1,14,13
Wasim Akram (PAK),1984-2003,356,280,55,3717,86,16.52,4208,88.33,0,6,28
RS Kaluwitharana (SL),1990-2004,189,181,14,3711,102*,22.22,4776,77.70,2,23,24
Imran Khan (PAK),1974-1992,175,151,40,3709,102*,33.41,5105,72.65,1,19,6
PV Simmons (WI),1987-1999,143,138,11,3675,122,28.93,5407,67.96,5,18,14
Mohammad Nabi (AFG),2009-2025,173,151,16,3667,136,27.16,4196,87.39,2,17,6
Fakhar Zaman (PAK),2017-2025,86,85,6,3651,210*,46.21,3890,93.85,11,17,6
NV Knight (ENG),1996-2003,100,100,10,3637,125*,40.41,5085,71.52,5,25,6
KJ O'Brien (IRE),2006-2021,153,141,18,3619,142,29.42,4076,88.78,2,18,6
CR Ervine (ZIM),2010-2025,128,124,15,3600,130*,33.02,4696,76.66,4,23,11
L Klusener (SA),1996-2004,171,137,50,3576,103*,41.10,3977,89.91,2,19,13
RD Berrington (SCOT),2008-2025,131,123,17,3536,127,33.35,4611,76.68,6,20,6
SM Pollock (Afr/ICC/SA),1996-2008,303,205,72,3519,130,26.45,4059,86.69,1,14,20
MA Taylor (AUS),1989-1997,113,110,1,3514,105,32.23,5908,59.47,1,28,4
DB Vengsarkar (IND),1976-1991,129,120,19,3508,105,34.73,5179,67.73,1,23,7
Mohammad Ashraful (Asia/BAN),2001-2013,177,169,13,3468,109,22.23,4947,70.10,3,20,14
BA Stokes (ENG),2011-2023,114,99,15,3463,182,41.22,3619,95.68,5,24,7
SO Tikolo (Afr/KENYA),1996-2014,135,130,12,3428,111,29.05,4524,75.77,3,24,13
HH Dippenaar (Afr/SA),1999-2007,107,95,14,3421,125*,42.23,5047,67.78,4,26,4
CD McMillan (NZ),1997-2007,197,183,16,4707,117,28.18,6198,75.94,3,28,9
MD Crowe (NZ),1982-1995,143,140,18,4704,107*,38.55,6476,72.63,4,34,3
MV Boucher (Afr/SA),1998-2011,295,221,57,4686,147*,28.57,5528,84.76,1,26,16
AJ Stewart (ENG),1989-2003,170,162,14,4677,116,31.60,6841,68.36,4,28,13
BKG Mendis (SL),2016-2025,146,143,12,4654,143,35.52,5264,88.41,6,34,14
DA Miller (SA),2010-2025,178,154,45,4611,139,42.30,4447,103.68,7,24,9
SB Styris (NZ),1999-2011,188,161,23,4483,141,32.48,5645,79.41,4,28,9
KP Pietersen (ENG/ICC),2004-2013,136,125,16,4440,130,40.73,5128,86.58,9,25,7
NS Sidhu (IND),1987-1998,136,127,8,4413,134*,37.08,6329,69.72,6,33,7
CZ Harris (NZ),1990-2004,250,213,62,4379,130,29.00,6583,66.51,1,16,12
TWM Latham (NZ),2012-2025,157,144,18,4361,145*,34.61,5090,85.67,8,26,14
GR Marsh (AUS),1986-1992,117,115,6,4357,126*,39.97,7790,55.93,9,22,4
WTS Porterfield (IRE),2006-2022,148,145,3,4343,139,30.58,6298,68.95,11,20,12
E Chigumbura (Afr/ZIM),2004-2018,213,198,26,4340,117,25.23,5423,80.02,2,19,17
ME Trescothick (ENG),2000-2006,123,122,6,4335,137,37.37,5087,85.21,12,21,13
Sikandar Raza (ZIM),2013-2025,151,142,22,4325,141,36.04,5044,85.74,7,22,3
GA Gooch (ENG),1976-1995,125,122,6,4290,142,36.98,6932,61.88,8,23,4
JJ Roy (ENG),2015-2023,116,110,3,4271,180,39.91,4047,105.53,12,21,11
AJ Strauss (ENG),2003-2011,127,126,8,4205,158,35.63,5195,80.94,6,27,9
K Srikkanth (IND),1981-1992,146,145,4,4091,123,29.01,5702,71.74,4,27,11
AJ Lamb (ENG),1982-1992,122,118,16,4010,118,39.31,5308,75.54,4,26,8
GJ Maxwell (AUS),2012-2025,149,136,18,3990,201*,33.81,3149,126.70,4,23,12
Rahmat Shah (AFG),2013-2025,123,118,5,3975,114,35.17,5579,71.24,5,31,5
RP Arnold (SL),1997-2007,180,155,43,3950,103,35.26,5443,72.57,1,28,7
AP Gurusinha (SL),1985-1996,147,143,5,3902,117*,28.27,6409,60.88,2,22,12
JG Wright (NZ),1978-1992,149,148,1,3891,101,26.46,6804,57.18,1,24,9
JM Bairstow (ENG),2011-2023,107,98,8,3868,141*,42.97,3758,102.92,11,17,9
DJ Cullinan (SA),1993-2000,138,133,16,3860,124,32.99,5492,70.28,3,23,10
LD Chandimal (SL),2010-2022,157,142,21,3854,111,31.85,5191,74.24,4,24,11
GA Hick (ENG),1991-2001,120,118,15,3846,126*,37.33,5191,74.08,5,27,10
HP Tillakaratne (SL),1986-2003,200,168,40,3789,104,29.60,6588,57.51,2,13,10
N Kapil Dev (IND),1978-1994,225,198,39,3783,175*,23.79,3979,95.07,1,14,13
Wasim Akram (PAK),1984-2003,356,280,55,3717,86,16.52,4208,88.33,0,6,28
RS Kaluwitharana (SL),1990-2004,189,181,14,3711,102*,22.22,4776,77.70,2,23,24
Imran Khan (PAK),1974-1992,175,151,40,3709,102*,33.41,5105,72.65,1,19,6
PV Simmons (WI),1987-1999,143,138,11,3675,122,28.93,5407,67.96,5,18,14
Mohammad Nabi (AFG),2009-2025,173,151,16,3667,136,27.16,4196,87.39,2,17,6
Fakhar Zaman (PAK),2017-2025,86,85,6,3651,210*,46.21,3890,93.85,11,17,6
NV Knight (ENG),1996-2003,100,100,10,3637,125*,40.41,5085,71.52,5,25,6
KJ O'Brien (IRE),2006-2021,153,141,18,3619,142,29.42,4076,88.78,2,18,6
CR Ervine (ZIM),2010-2025,128,124,15,3600,130*,33.02,4696,76.66,4,23,11
L Klusener (SA),1996-2004,171,137,50,3576,103*,41.10,3977,89.91,2,19,13
RD Berrington (SCOT),2008-2025,131,123,17,3536,127,33.35,4611,76.68,6,20,6
SM Pollock (Afr/ICC/SA),1996-2008,303,205,72,3519,130,26.45,4059,86.69,1,14,20
MA Taylor (AUS),1989-1997,113,110,1,3514,105,32.23,5908,59.47,1,28,4
DB Vengsarkar (IND),1976-1991,129,120,19,3508,105,34.73,5179,67.73,1,23,7
Mohammad Ashraful (Asia/BAN),2001-2013,177,169,13,3468,109,22.23,4947,70.10,3,20,14
BA Stokes (ENG),2011-2023,114,99,15,3463,182,41.22,3619,95.68,5,24,7
SO Tikolo (Afr/KENYA),1996-2014,135,130,12,3428,111,29.05,4524,75.77,3,24,13
HH Dippenaar (Afr/SA),1999-2007,107,95,14,3421,125*,42.23,5047,67.78,4,26,4
A Flintoff (ENG/ICC),1999-2009,141,122,16,3394,123,32.01,3821,88.82,3,18,9
T Taibu (Afr/ZIM),2001-2012,150,137,21,3393,107*,29.25,5020,67.58,2,22,16
KC Wessels (AUS/SA),1983-1994,109,105,7,3367,107,34.35,6088,55.30,1,26,0
AC Parore (NZ),1992-2002,179,161,32,3314,108,25.68,4867,68.09,1,14,19
Moin Khan (PAK),1990-2004,219,183,41,3266,72*,23.00,4017,81.30,0,12,17
A Balbirnie (IRE),2010-2025,117,110,8,3264,145*,32.00,4396,74.24,9,17,8
MDKJ Perera (SL),2013-2023,116,111,5,3237,135,30.53,3485,92.88,6,17,12
Kamran Akmal (PAK),2002-2017,157,138,14,3236,124,26.09,3855,83.94,5,10,10
AN Cook (ENG),2006-2014,92,92,4,3204,137,36.40,4154,77.13,5,19,7
HDRL Thirimanne (SL),2010-2019,127,106,14,3194,139*,34.71,4419,72.27,4,21,7
Umar Akmal (PAK),2009-2019,121,110,17,3194,102*,34.34,3712,86.04,2,20,8
KJ Coetzer (SCOT),2008-2023,89,87,5,3192,156,38.92,3875,82.37,5,21,8
DI Gower (ENG),1978-1991,114,111,8,3170,158,30.77,4218,75.15,7,12,6
Imam-ul-Haq (PAK),2017-2025,75,74,7,3152,151,47.04,3846,81.95,9,20,3
KR Rutherford (NZ),1985-1995,121,115,9,3143,108,29.65,4888,64.30,2,18,6
BJ Haddin (AUS),2001-2015,126,115,16,3122,110,31.53,3706,84.24,2,16,2
DM Bravo (WI),2009-2022,122,117,14,3109,124,30.18,4434,70.11,4,18,9
RJ Shastri (IND),1981-1992,150,128,21,3108,109,29.04,5089,61.07,4,18,5
SM Gavaskar (IND),1974-1987,108,102,14,3092,103*,35.13,4966,62.26,1,27,8
DS Lehmann (AUS),1996-2005,117,101,22,3078,119,38.96,3784,81.34,4,17,4
GJ Bailey (AUS),2012-2016,90,85,10,3044,156,40.58,3645,83.51,3,22,3
KL Rahul (IND),2016-2025,85,79,17,3043,112,49.08,3451,88.17,7,18,3
CS MacLeod (SCOT),2008-2022,88,86,7,3026,175,38.30,3756,80.56,10,13,9
V Sibanda (Afr/ZIM),2003-2016,127,126,4,2994,116,24.54,4716,63.48,2,21,14
DJ Bravo (WI),2004-2014,164,141,24,2968,112*,25.36,3606,82.30,2,10,11
AM Rahane (IND),2011-2018,90,87,3,2962,111,35.26,3767,78.63,3,24,6
HH Streak (Afr/ZIM),1993-2005,189,159,55,2943,79*,28.29,4008,73.42,0,13,6
MR Marsh (AUS),2011-2025,95,91,11,2900,177*,36.25,3044,95.26,3,20,7
WW Hinds (WI),1999-2010,119,111,10,2880,127*,28.51,4393,65.55,5,14,8
SS Iyer (IND),2017-2025,70,65,6,2845,128*,48.22,2845,100.00,5,22,1
IJL Trott (ENG),2009-2013,68,65,10,2819,137,51.25,3658,77.06,4,22,5
AL Logie (WI),1981-1993,158,133,36,2809,109*,28.95,3801,73.90,1,14,13
RA Jadeja (IND),2009-2025,204,137,51,2806,87,32.62,3284,85.44,0,13,6
TM Head (AUS),2016-2025,75,72,7,2800,154*,43.07,2671,104.82,6,17,3
AH Jones (NZ),1987-1995,87,87,9,2784,93,35.69,4811,57.86,0,25,4
Shubman Gill (IND),2019-2025,55,55,8,2775,208,59.04,2787,99.56,8,15,1
SE Marsh (AUS),2008-2019,73,72,4,2773,151,40.77,3406,81.41,7,15,3
M Kaif (IND),2002-2006,125,110,24,2753,111*,32.01,3822,72.03,2,17,8
SV Carlisle (ZIM),1995-2005,111,107,8,2740,121*,27.67,4325,63.35,3,9,11
Mohammad Shahzad (AFG),2009-2019,84,84,3,2727,131*,33.66,3082,88.48,6,14,4
Salman Butt (PAK),2004-2010,78,78,4,2725,136,36.82,3572,76.28,8,14,15
RG Twose (NZ),1995-2001,87,81,11,2717,103,38.81,3603,75.40,1,20,5
Mohammad Rizwan (PAK),2015-2025,94,85,18,2713,131*,40.49,3159,85.88,4,16,3
KA Pollard (WI),2007-2022,123,113,9,2706,119,26.01,2866,94.41,3,13,15
GJ Whittall (ZIM),1993-2003,147,142,22,2705,83,22.54,4011,67.43,0,11,12
RS Bopara (ENG),2007-2015,120,109,21,2695,101*,30.62,3462,77.84,1,14,4
HE van der Dussen (SA),2019-2025,71,65,12,2657,134,50.13,3053,87.02,6,17,3
Mudassar Nazar (PAK),1977-1989,122,115,10,2653,95,25.26,5130,51.71,0,16,6
EC Joyce (ENG/IRE),2006-2018,78,77,8,2622,160*,38.00,3630,72.23,6,15,5
Ahmed Shehzad (PAK),2009-2017,81,81,1,2605,124,32.56,3614,72.08,6,14,7
NJ O'Brien (IRE),2006-2018,103,101,9,2581,109,28.05,3638,70.94,1,18,3
Zaheer Abbas (PAK),1974-1985,62,60,6,2572,123,47.62,3033,84.80,7,13,2
Litton Das (BAN),2015-2025,95,94,8,2569,176,29.87,2990,85.91,5,12,16
AC Hudson (SA),1991-1997,89,88,1,2559,161,29.41,3960,64.62,2,18,6
P Nissanka (SL),2021-2025,69,69,5,2548,210*,39.81,2846,89.52,6,16,6
KIC Asalanka (SL),2021-2025,76,68,10,2544,127,43.86,2799,90.88,5,16,5
HG Munsey (SCOT),2017-2025,68,67,9,2487,191,42.87,2791,89.10,3,16,4
VG Kambli (IND),1991-2000,104,97,21,2477,106,32.59,3443,71.94,2,14,4
CJ Chibhabha (ZIM),2005-2023,109,109,2,2474,99,23.12,3913,63.22,0,16,8
AK Markram (SA),2017-2025,79,75,9,2453,175,37.16,2521,97.30,3,13,5
Hashmatullah Shahidi (AFG),2013-2025,90,88,15,2435,97*,33.35,3614,67.37,0,22,6
Imrul Kayes (BAN),2008-2018,78,78,2,2434,144,32.02,3423,71.10,4,16,2
JDP Oram (NZ),2001-2012,160,116,15,2434,101*,24.09,2810,86.61,1,13,8
Asghar Afghan (AFG),2009-2021,114,108,10,2424,101,24.73,3630,66.77,1,12,7
TM Odoyo (Afr/KENYA),1996-2014,136,119,16,2420,111*,23.49,3438,70.38,1,8,13
AD Hales (ENG),2014-2019,70,67,3,2419,171,37.79,2527,95.72,6,14,5
RA Smith (ENG),1988-1996,71,70,8,2419,167*,39.01,3473,69.65,4,15,4
L Vincent (NZ),2001-2007,102,99,10,2413,172,27.11,3453,69.88,3,11,8
GP Thorpe (ENG),1993-2002,82,77,13,2380,89,37.18,3344,71.17,0,21,3
MM Ali (ENG),2014-2023,138,112,15,2355,128,24.27,2399,98.16,3,6,6
VVS Laxman (IND),1998-2006,86,83,7,2338,131,30.76,3282,71.23,6,10,3
NLTC Perera (SL),2009-2021,166,133,16,2338,140,19.98,2086,112.08,1,10,11
RR Singh (IND),1989-2001,136,113,23,2336,100,25.95,3144,74.30,1,9,5
N Hussain (ENG),1989-2003,88,87,10,2332,115,30.28,3481,66.99,1,16,6
GS Chappell (AUS),1971-1983,74,72,14,2331,138*,40.18,3079,75.70,3,14,7
Sarfaraz Ahmed (PAK),2007-2021,117,91,22,2315,105,33.55,2635,87.85,2,11,1
SL Campbell (WI),1994-2001,90,87,0,2283,105,26.24,3853,59.25,2,14,9
E Lewis (WI),2016-2025,70,67,5,2279,176*,36.75,2645,86.16,5,12,3
DL Vettori (ICC/NZ),1997-2015,295,187,57,2253,83,17.33,2715,82.98,0,4,23
JO Holder (WI),2013-2023,138,114,24,2237,99*,24.85,2479,90.23,0,12,11
S Matsikenyeri (ZIM),2002-2015,113,110,9,2224,90,22.01,3072,72.39,0,13,8
GM Wood (AUS),1978-1989,83,77,11,2219,114*,33.62,3725,59.57,3,11,4
MH Cross (SCOT),2014-2025,110,96,2,2215,114,23.56,3085,71.79,2,11,3
MJ Greatbatch (NZ),1988-1996,84,83,5,2206,111,28.28,3099,71.18,2,13,7
JC Adams (WI),1992-2001,127,105,28,2204,82,28.62,3614,60.98,0,14,7
Shahriar Nafees (BAN),2005-2011,75,75,5,2201,123*,31.44,3167,69.49,4,13,11
D Ramdin (WI),2005-2016,139,110,22,2200,169,25.00,2738,80.35,2,8,4
Soumya Sarkar (BAN),2014-2025,76,71,4,2198,169,32.80,2282,96.31,3,13,9
MD Patel (USA),2019-2025,67,66,4,2192,130,35.35,2696,81.30,3,17,11
HM Nicholls (NZ),2015-2025,81,79,16,2180,124*,34.60,2713,80.35,1,15,6
Habibul Bashar (BAN),1995-2007,111,105,5,2168,78,21.68,3586,60.45,0,14,18
MG Erasmus (NAM),2019-2025,60,59,5,2153,125,39.87,2761,77.97,2,17,4
MP O'Dowd (NED),2019-2025,65,64,4,2153,158*,35.88,2856,75.38,1,15,3
AT Carey (AUS),2018-2025,82,73,12,2149,106,35.22,2365,90.86,1,12,5
H Klaasen (SA),2018-2025,60,56,7,2141,174,43.69,1829,117.05,4,11,2
IT Botham (ENG),1976-1992,116,106,15,2113,79,23.21,2671,79.10,0,9,6
SA Edwards (NED),2018-2025,69,64,9,2108,86,38.32,2405,87.65,0,20,3
MW Gatting (ENG),1977-1993,92,88,17,2095,115*,29.50,2968,70.58,1,9,4
NH Fairbrother (ENG),1987-1999,75,71,18,2092,113,39.47,2903,72.06,1,16,2
RL Powell (WI),1999-2005,109,100,16,2085,124,24.82,2157,96.66,1,8,8
CL White (AUS),2005-2018,91,77,16,2072,105,33.96,2586,80.12,2,11,4
GC Wilson (IRE),2007-2019,105,99,12,2072,113,23.81,2880,71.94,1,12,6
Najibullah Zadran (AFG),2012-2023,92,84,13,2060,104*,29.01,2312,89.10,1,15,4
CO Obuya (KENYA),2001-2014,104,89,9,2044,98*,25.55,2981,68.56,0,11,6
DJ Mitchell (NZ),2021-2025,52,47,5,2041,134,48.59,2155,94.70,6,9,0
Yasir Hameed (PAK),2003-2007,56,56,1,2028,127*,36.87,3029,66.95,3,12,2
WPUJC Vaas (Asia/SL),1994-2008,322,220,72,2025,50*,13.68,2796,72.42,0,1,25
KO Otieno (KENYA),1996-2009,90,87,1,2016,144,23.44,3561,56.61,2,12,12
A Vala (PNG),2014-2023,66,66,1,2003,104,30.81,2892,69.26,1,12,5
SV Manjrekar (IND),1988-1996,74,70,10,1994,105,33.23,3101,64.30,1,15,3
HT Tector (IRE),2020-2025,54,49,6,1992,140,46.32,2393,83.24,5,14,4
N Pooran (WI),2019-2023,61,58,8,1983,118,39.66,2000,99.15,3,11,3
MP Vaughan (ENG),2001-2007,86,83,10,1982,90*,27.15,2898,68.39,0,16,9
CH Lloyd (WI),1973-1985,87,69,19,1977,102,39.54,2434,81.22,1,11,1
GD Elliott (NZ),2008-2016,83,69,11,1976,115,34.06,2416,81.78,2,11,6
KJ Hughes (AUS),1977-1985,97,88,6,1968,98,24.00,2919,67.42,0,17,12
A Bagai (CAN),2003-2013,62,60,8,1964,137*,37.76,2995,65.57,2,16,2
LMP Simmons (WI),2006-2015,68,65,3,1958,122,31.58,2680,73.05,2,16,9
Aftab Ahmed (BAN),2004-2010,85,85,6,1954,92,24.73,2353,83.04,0,14,8
PJL Dujon (WI),1981-1991,169,120,36,1945,82*,23.15,2881,67.51,0,6,8
M Amarnath (IND),1975-1989,85,75,12,1924,102*,30.53,3334,57.70,2,13,2
T Bavuma (SA),2016-2025,49,48,5,1912,144,44.46,2179,87.74,5,8,2
KLT Arthurton (WI),1988-1999,105,93,20,1904,84,26.08,2822,67.46,0,9,12
HH Pandya (IND),2016-2025,94,68,10,1904,92*,32.82,1717,110.89,0,11,4
Imran Nazir (PAK),1999-2009,79,79,2,1895,160,24.61,2339,81.01,2,9,10
Mohsin Khan (PAK),1977-1986,75,75,5,1877,117*,26.81,3373,55.64,2,8,3
JV Coney (NZ),1979-1987,88,80,19,1874,66*,30.72,2885,64.95,0,8,1
M Labuschagne (AUS),2020-2025,65,58,4,1871,124,34.64,2239,83.56,2,12,3
DJG Sammy (WI),2004-2015,126,105,30,1871,89,24.94,1870,100.05,0,9,4
MS Wade (AUS),2012-2021,97,83,12,1867,100*,26.29,2288,81.59,1,11,5
V Aravind (UAE),2019-2025,63,63,3,1865,115*,31.08,2731,68.29,2,9,6
DM de Silva (SL),2016-2023,90,82,10,1865,93,25.90,2373,78.59,0,10,4
RD Jacobs (WI),1996-2004,147,112,32,1865,80*,23.31,2662,70.06,0,9,11
M Prabhakar (IND),1984-1996,130,98,21,1858,106,24.12,3083,60.26,2,11,8
RK Paudel (NEP),2018-2025,72,68,5,1851,126,29.38,2465,75.09,1,11,5
Azhar Ali (PAK),2011-2018,53,53,3,1845,102,36.90,2478,74.45,3,12,3
OA Shah (ENG),2001-2009,71,66,6,1834,107*,30.56,2331,78.67,1,12,6
MW Goodwin (ZIM),1998-2000,71,70,3,1818,112*,27.13,2654,68.50,2,8,1
Khaled Mashud (BAN),1995-2006,126,110,27,1818,71*,21.90,3315,54.84,0,7,8
BA Edgar (NZ),1978-1986,64,64,5,1814,102*,30.74,3685,49.22,1,10,3
Samiullah Shinwari (AFG),2009-2019,84,74,12,1811,96,29.20,2765,65.49,0,11,1
DJ Hussey (AUS),2008-2013,69,61,6,1796,111,32.65,1980,90.70,1,14,4
MA Atherton (ENG),1990-1998,54,54,3,1791,127,35.11,3054,58.64,2,12,4
Mashrafe Mortaza (Asia/BAN),2001-2020,220,158,28,1787,51*,13.74,2041,87.55,0,1,15
Rahmanullah Gurbaz (AFG),2021-2025,49,49,1,1785,151,37.18,2033,87.80,8,6,3
IA Healy (AUS),1988-1997,168,120,36,1764,56,21.00,2104,83.84,0,4,9
KD Karthik (IND),2004-2019,94,79,21,1752,79,30.20,2392,73.24,0,9,6
Sir RJ Hadlee (NZ),1973-1990,115,98,17,1751,79,21.61,2319,75.50,0,4,4
Haris Sohail (PAK),2013-2023,45,44,5,1749,130,44.84,2046,85.48,2,14,1
Imran Farhat (PAK),2001-2013,58,58,2,1719,107,30.69,2489,69.06,1,13,3
CB Wishart (ZIM),1996-2005,90,82,8,1719,172*,23.22,2436,70.56,2,5,8
Rashid Latif (PAK),1992-2003,166,117,29,1709,79,19.42,2237,76.39,0,3,8
DA Gunawardene (SL),1998-2006,61,61,1,1708,132,28.46,2389,71.49,1,12,5
Jatinder Singh (OMA),2019-2025,61,60,2,1704,118*,29.37,2322,73.38,4,9,2
AT Rayudu (IND),2013-2019,55,50,14,1694,124*,47.05,2143,79.04,3,10,3
ND McKenzie (SA),2000-2009,64,55,10,1688,131*,37.51,2432,69.40,2,10,2
NC Johnson (ZIM),1998-2000,48,48,2,1679,132*,36.50,2389,70.28,4,11,2
WA Young (NZ),2021-2025,46,46,5,1674,120,40.82,1934,86.55,4,10,5
BA Young (NZ),1990-1999,74,73,5,1668,74,24.52,2733,61.03,0,9,5
Aaron Jones (USA),2019-2025,52,52,3,1664,123*,33.95,2329,71.44,1,11,2
Ibrahim Zadran (AFG),2019-2025,36,36,3,1656,177,50.18,1993,83.09,6,7,2
Mehidy Hasan Miraz (BAN),2017-2025,108,79,11,1654,112*,24.32,2142,77.21,2,6,5
UDU Chandana (SL),1994-2007,147,111,17,1627,89,17.30,2229,72.99,0,5,8
CK Kapugedera (SL),2006-2017,102,84,7,1624,95,21.09,2254,72.04,0,8,7
N Dickwella (SL),2014-2022,55,52,1,1604,116,31.45,1717,93.41,2,9,1
Najmul Hossain Shanto (BAN),2018-2025,52,51,3,1602,122*,33.37,2021,79.26,3,10,7
MD Gunathilaka (SL),2015-2022,47,46,1,1601,133,35.57,1844,86.82,2,11,1
GM Turner (NZ),1973-1983,41,40,6,1598,171*,47.00,2348,68.05,3,9,1
WIA Fernando (SL),2016-2025,51,50,0,1589,127,31.78,1787,88.91,4,9,5
LPC Silva (SL),1999-2011,75,62,7,1587,107*,28.85,2254,70.40,1,13,6
SC Williams (WI),1994-1999,57,55,6,1586,105*,32.36,2402,66.02,1,12,6
Saleem Elahi (PAK),1995-2004,48,47,4,1579,135,36.72,2214,71.31,4,9,3
RL Dias (SL),1979-1987,58,55,5,1573,121,31.46,2315,67.94,2,11,3
Aasif Sheikh (NEP),2021-2025,59,59,5,1569,110,29.05,2058,76.23,1,13,5
Muhammad Waseem (UAE),2022-2025,61,61,0,1567,119,25.68,1772,88.43,1,8,7
DR Smith (WI),2004-2015,105,89,5,1560,97,18.57,1683,92.69,0,8,14
UT Khawaja (AUS),2013-2019,40,39,2,1554,104,42.00,1848,84.09,2,12,2
IK Pathan (IND),2004-2012,120,87,21,1544,83,23.39,1941,79.54,0,5,7
SO Hetmyer (WI),2017-2025,57,52,3,1543,139,31.48,1464,105.39,5,4,3
RN ten Doeschate (NED),2006-2011,33,32,9,1541,119,67.00,1757,87.70,5,9,1
J Charles (WI),2012-2023,58,58,0,1537,130,26.50,1803,85.24,2,7,9
MA Leask (SCOT),2014-2025,89,71,14,1535,107*,26.92,1352,113.53,1,8,5
DL Houghton (ZIM),1983-1997,63,60,2,1530,142,26.37,2155,70.99,1,12,5
LRD Mendis (SL),1975-1989,79,74,9,1527,80,23.49,2034,75.07,0,7,4
CR Woakes (ENG),2011-2023,122,88,24,1524,95*,23.81,1710,89.12,0,6,8
Azhar Mahmood (PAK),1996-2007,143,110,26,1521,67,18.10,1988,76.50,0,3,9
RS Morton (WI),2002-2010,56,51,6,1519,110*,33.75,2289,66.36,2,10,7
JJ Crowe (NZ),1983-1990,75,71,12,1518,88*,25.72,2456,61.80,0,7,6
JM Kemp (Afr/SA),2001-2007,85,66,18,1512,100*,31.50,1819,83.12,1,10,6
RD Shah (KENYA),1998-2007,56,55,1,1506,113,27.88,2298,65.53,1,12,5
Rohan Mustafa (UAE),2014-2023,81,75,5,1504,109,21.48,2366,63.56,1,7,8
MA Ouma (KENYA),2004-2014,80,77,5,1501,61,20.84,2525,59.44,0,7,6
KU Carty (WI),2022-2025,40,37,5,1495,170,46.71,1857,80.50,4,5,1
JDS Neesham (NZ),2013-2023,76,65,12,1495,97*,28.20,1496,99.93,0,7,3
MP Stoinis (AUS),2015-2024,71,64,8,1495,146*,26.69,1591,93.96,1,6,5
BA King (WI),2019-2025,55,55,2,1468,112,27.69,1763,83.26,3,8,5
GH Dockrell (IRE),2010-2025,133,94,29,1459,91*,22.44,1791,81.46,0,6,6
HJH Marshall (NZ),2003-2007,66,62,9,1454,101*,27.43,1990,73.06,1,12,3
DJ Malan (ENG),2019-2023,30,30,4,1450,140,55.76,1488,97.44,6,7,5
DD Ebrahim (ZIM),2001-2005,82,76,6,1443,121,20.61,2540,56.81,1,4,8
MJ Santner (NZ),2015-2025,118,86,31,1438,67,26.14,1584,90.78,0,3,3
DP Conway (NZ),2021-2025,36,35,3,1431,152*,44.71,1631,87.73,5,4,2
Nasir Jamshed (PAK),2008-2015,48,48,3,1418,112,31.51,1881,75.38,3,8,5
HA Gomes (WI),1978-1987,83,64,15,1415,101,28.87,2578,54.88,1,6,5
N Boje (Afr/SA),1995-2005,115,71,18,1414,129,26.67,1594,88.70,2,4,2
MO Odumbe (KENYA),1996-2003,61,59,5,1409,83,26.09,2014,69.96,0,11,6
P Utseya (ZIM),2004-2015,164,132,48,1406,68*,16.73,2410,58.34,0,4,16
K Bhurtel (NEP),2021-2025,61,60,1,1398,115,23.69,1715,81.51,1,9,7
L Ronchi (AUS/NZ),2008-2017,85,68,9,1397,170*,23.67,1220,114.50,1,4,7
KM Jadhav (IND),2014-2020,73,52,19,1389,120,42.09,1367,101.60,2,6,2
GP Howarth (NZ),1975-1985,70,65,5,1384,76,23.06,2301,60.14,0,6,1
Rashid Khan (AFG),2015-2025,114,87,16,1384,60*,19.49,1320,104.84,0,5,8
TP Ura (PNG),2014-2023,61,61,1,1363,151,22.71,1758,77.53,1,6,4
JD Ryder (NZ),2008-2014,48,42,1,1362,107,33.21,1429,95.31,3,6,5
BC Broad (ENG),1987-1988,34,34,0,1361,106,40.02,2447,55.61,1,11,2
DO Obuya (KENYA),2001-2012,74,73,3,1355,93,19.35,2135,63.46,0,6,10
Anamul Haque (BAN),2012-2024,49,46,0,1352,120,29.39,1808,74.77,3,5,6
W Barresi (NED),2010-2025,55,54,5,1352,137*,27.59,1775,76.16,1,8,6
Asad Shafiq (PAK),2010-2017,60,58,4,1336,84,24.74,1979,67.50,0,9,5
PG Fulton (NZ),2004-2009,49,46,5,1334,112,32.53,1833,72.77,1,8,2
Sabbir Rahman (BAN),2014-2019,66,59,7,1333,102,25.63,1461,91.23,1,6,5
Gulbadin Naib (AFG),2011-2025,89,78,11,1332,82*,19.88,1767,75.38,0,5,7
KMDN Kulasekara (SL),2003-2017,184,123,37,1327,73,15.43,1629,81.46,0,4,13
Aarif Sheikh (NEP),2018-2025,61,52,6,1326,84,28.82,2019,65.67,0,9,4
JR Hopes (AUS),2005-2010,84,61,8,1326,63*,25.01,1415,93.71,0,3,1
SM Katich (AUS),2001-2006,45,42,5,1324,107*,35.78,1926,68.74,1,9,3
TLW Cooper (NED),2010-2023,32,31,2,1319,101,45.48,1814,72.71,1,12,0
M van Lingen (NAM),2021-2024,40,39,5,1318,133,38.76,1429,92.23,5,5,2
FDM Karunaratne (SL),2011-2023,50,46,4,1316,103,31.33,1654,79.56,1,11,4
Javed Omar (BAN),1995-2007,59,59,4,1312,85*,23.85,2528,51.89,0,10,2
Raqibul Hasan (BAN),2008-2011,55,54,7,1308,89,27.82,2133,61.32,0,8,6
AA Obanda (KENYA),2007-2014,49,45,2,1306,96*,30.37,1764,74.03,0,9,2
MS Sinclair (NZ),2000-2009,54,50,4,1304,118*,28.34,2086,62.51,2,8,8
Vikramjit Singh (NED),2022-2025,46,45,1,1304,110,29.63,1820,71.64,1,8,1
MD Shanaka (SL),2016-2024,71,63,5,1299,108*,22.39,1420,91.47,2,4,6
PN Kirsten (SA),1991-1994,40,40,6,1293,97,38.02,2308,56.02,0,9,0
MJ Prior (ENG),2004-2011,68,62,9,1282,87,24.18,1670,76.76,0,3,5
Nasir Hossain (BAN),2011-2018,65,52,8,1281,100,29.11,1605,79.81,1,6,4
Zeeshan Maqsood (OMA),2019-2024,48,47,5,1273,109,30.30,1891,67.31,2,7,2
NR Mongia (IND),1994-2000,140,96,33,1272,69,20.19,1845,68.94,0,2,4
C Munro (NZ),2013-2019,57,53,2,1271,87,24.92,1214,104.69,0,8,7
Asif Khan (UAE),2022-2025,38,37,4,1270,151*,38.48,1569,80.94,3,7,2
JEC Franklin (NZ),2001-2013,110,80,27,1270,98*,23.96,1651,76.92,0,4,5
AB Agarkar (IND),1998-2007,191,113,26,1269,95,14.58,1574,80.62,0,3,10
Shoaib Mohammad (PAK),1984-1993,63,58,6,1269,126*,24.40,2492,50.92,1,8,8
Basit Ali (PAK),1993-1996,50,43,6,1265,127*,34.18,1669,75.79,1,9,3
SR Taylor (USA),2019-2024,49,49,0,1265,114,25.81,1606,78.76,1,7,8
S Samarawickrama (SL),2017-2024,50,45,5,1261,108,31.52,1356,92.99,1,8,5
MN Waller (ZIM),2009-2018,79,72,6,1259,99*,19.07,1639,76.81,0,5,10
SP O'Donnell (AUS),1985-1991,87,64,15,1242,74*,25.34,1534,80.96,0,9,5
BFW de Leede (NED),2018-2025,54,50,5,1239,123,27.53,1789,69.25,1,6,5
RR Rossouw (SA),2014-2016,36,35,3,1239,132,38.71,1313,94.36,3,7,5
Harbhajan Singh (Asia/IND),1998-2015,236,128,35,1237,49,13.30,1526,81.06,0,0,17
SG Law (AUS),1994-1999,54,51,5,1237,110,26.89,1643,75.28,1,7,3
Alok Kapali (BAN),2002-2011,69,66,3,1235,115,19.60,1817,67.96,1,5,5
Aqib Ilyas (OMA),2019-2024,32,30,2,1234,109*,44.07,1645,75.01,2,9,1
R Ravindra (NZ),2023-2025,33,29,1,1233,123*,44.03,1129,109.21,5,4,2
GM Hamilton (SCOT),1999-2010,38,38,3,1231,119,35.17,1847,66.64,2,7,1
D Mongia (IND),2001-2007,57,51,7,1230,159*,27.95,1721,71.47,1,4,4
RW Marsh (AUS),1971-1984,92,76,15,1225,66,20.08,1489,82.26,0,4,7
HDPK Dharmasena (SL),1994-2004,141,87,33,1222,69*,22.62,1879,65.03,0,4,2
Shaiman Anwar (UAE),2014-2019,40,40,1,1219,106,31.25,1477,82.53,1,11,2
Noor Ali Zadran (AFG),2009-2019,51,50,1,1216,114,24.81,1923,63.23,1,7,4
TM Moody (AUS),1987-1999,76,64,12,1211,89,23.28,1747,69.31,0,10,6
Junaid Siddique (BAN),2007-2011,54,53,1,1196,100,23.00,1753,68.22,1,6,6
Mohammad Rafique (Asia/BAN),1995-2007,125,106,17,1191,77,13.38,1663,71.61,0,2,15
RW Chakabva (ZIM),2008-2022,61,57,3,1188,102,22.00,1751,67.84,1,4,3
BM Duckett (ENG),2016-2025,25,25,1,1176,165,49.00,1115,105.47,3,8,3
B Lee (AUS),2000-2012,221,110,44,1176,59,17.81,1407,83.58,0,3,16
B McMullen (SCOT),2022-2025,35,31,4,1175,151,43.51,1336,87.94,4,4,0
JA Rudolph (Afr/SA),2003-2006,45,39,6,1174,81,35.57,1725,68.05,0,7,0
Nawroz Mangal (AFG),2009-2016,49,48,6,1139,129,27.11,1512,75.33,2,4,4
CJA Amini (PNG),2014-2023,49,49,1,1128,109,23.50,1674,67.38,1,7,1
T Mishra (KENYA),2006-2013,42,40,7,1128,72,34.18,1534,73.53,0,8,4
Agha Salman (PAK),2022-2025,41,34,6,1116,134,39.85,1154,96.70,1,6,0
PL Mommsen (SCOT),2010-2017,44,42,6,1115,139*,30.97,1615,69.04,2,6,2
C Campher (IRE),2020-2025,43,35,2,1113,120,33.72,1409,78.99,1,7,0
MF Maharoof (SL),2004-2016,109,75,18,1113,69*,19.52,1294,86.01,0,2,3
GD Phillips (NZ),2022-2025,44,36,8,1112,106*,39.71,1091,101.92,1,5,1
CJ Anderson (NZ),2013-2017,49,45,5,1109,131*,27.72,1020,108.72,1,4,4
HS Modi (KENYA),1996-2006,63,56,9,1109,78*,23.59,1906,58.18,0,5,5
ES Szwarczynski (NED),2006-2014,41,40,3,1102,98,29.78,1615,68.23,0,10,2
VS Solanki (ENG),2000-2006,51,46,5,1097,106,26.75,1504,72.93,2,5,2
B Zuiderent (NED),1996-2011,57,56,10,1097,77*,23.84,1873,58.56,0,8,7
RL Chase (WI),2017-2025,63,48,9,1091,94,27.97,1383,78.88,0,6,5
PA Strang (ZIM),1994-2001,95,73,24,1090,47,22.24,1651,66.02,0,0,5
S Bau (PNG),2016-2023,57,57,3,1089,81*,20.16,1763,61.76,0,5,6
Towhid Hridoy (BAN),2023-2025,38,34,3,1087,100,35.06,1343,80.93,1,9,1
G Boycott (ENG),1971-1981,36,34,4,1082,105,36.06,2020,53.56,1,9,1
JN Loftie-Eaton (NAM),2021-2025,48,44,6,1078,73,28.36,1439,74.91,0,7,3
F Behardien (SA),2013-2018,59,49,14,1074,70,30.68,1097,97.90,0,6,4
Ayaan Khan (OMA),2021-2024,41,38,2,1072,105*,29.77,1427,75.12,1,5,4
NL McCullum (NZ),2009-2015,84,62,11,1070,65,20.98,1220,87.70,0,4,3
Asif Mujtaba (PAK),1986-1996,66,55,14,1068,113*,26.04,1671,63.91,1,6,8
DW Randall (ENG),1976-1985,49,45,5,1067,88,26.67,1702,62.69,0,5,4
DS Airee (NEP),2018-2025,64,60,7,1066,105,20.11,1472,72.41,1,4,8
DS Smith (WI),2003-2013,47,45,2,1059,107,24.62,1506,70.31,1,5,4
JK Kamande (KENYA),1999-2011,86,72,11,1055,74,17.29,1685,62.61,0,3,8
IDS Smith (NZ),1980-1992,98,77,16,1055,62*,17.29,1061,99.43,0,3,7
C Kieswetter (ENG),2010-2013,46,40,5,1054,107,30.11,1172,89.93,1,5,4
